        {
            "Body": {
                "stkCallback": {
                    "MerchantRequestID": "65077-15147463-1",
                    "CheckoutRequestID": "ws_CO_27052022183507615703615240",
                    "ResultCode": 0,
                    "ResultDesc": "The service request is processed successfully.",
                    "CallbackMetadata": {
                        "Item": [{ "Name": "Amount", "Value": 1.00 }, { "Name": "MpesaReceiptNumber", "Value": "QER0PKGU7C" },
                            { "Name": "TransactionDate", "Value": 20220527183530 }, { "Name": "PhoneNumber", "Value": 254703615240 }
                        ]
                    }
                }
            }
        } { "Body": { "stkCallback": { "MerchantRequestID": "41155-16421199-1", "CheckoutRequestID": "ws_CO_29052022221116895703615240", "ResultCode": 1019, "ResultDesc": "Transaction has expired" } } } { "Body": { "stkCallback": { "MerchantRequestID": "65087-20672282-1", "CheckoutRequestID": "ws_CO_29052022230535869703615240", "ResultCode": 0, "ResultDesc": "The service request is processed successfully.", "CallbackMetadata": { "Item": [{ "Name": "Amount", "Value": 1.00 }, { "Name": "MpesaReceiptNumber", "Value": "QET3TYAOFL" }, { "Name": "TransactionDate", "Value": 20220529230550 }, { "Name": "PhoneNumber", "Value": 254703615240 }] } } } } { "Body": { "stkCallback": { "MerchantRequestID": "86339-23337099-1", "CheckoutRequestID": "ws_CO_30052022215757906703615240", "ResultCode": 0, "ResultDesc": "The service request is processed successfully.", "CallbackMetadata": { "Item": [{ "Name": "Amount", "Value": 1.00 }, { "Name": "MpesaReceiptNumber", "Value": "QEU2VWAX2E" }, { "Name": "TransactionDate", "Value": 20220530215809 }, { "Name": "PhoneNumber", "Value": 254703615240 }] } } } } { "Body": { "stkCallback": { "MerchantRequestID": "57066-83521445-2", "CheckoutRequestID": "ws_CO_30052022215902009703615240", "ResultCode": 0, "ResultDesc": "The service request is processed successfully.", "CallbackMetadata": { "Item": [{ "Name": "Amount", "Value": 1.00 }, { "Name": "MpesaReceiptNumber", "Value": "QEU6VWCMXG" }, { "Name": "TransactionDate", "Value": 20220530215912 }, { "Name": "PhoneNumber", "Value": 254703615240 }] } } } }{"Body":{"stkCallback":{"MerchantRequestID":"41135-21807335-1","CheckoutRequestID":"ws_CO_31052022234140469703615240","ResultCode":0,"ResultDesc":"The service request is processed successfully.","CallbackMetadata":{"Item":[{"Name":"Amount","Value":1.00},{"Name":"MpesaReceiptNumber","Value":"QEV3XZ31SD"},{"Name":"TransactionDate","Value":20220531234152},{"Name":"PhoneNumber","Value":254703615240}]}}}}{"Body":{"stkCallback":{"MerchantRequestID":"21160-25707246-1","CheckoutRequestID":"ws_CO_31052022234918219703615240","ResultCode":1032,"ResultDesc":"Request cancelled by user"}}}